{
  "project_info": {
    "project_number": "410321284524",
    "project_id": "android2-52a09",
    "storage_bucket": "android2-52a09.appspot.com"
  },
  "client": [
    {
      "client_info": {
        "mobilesdk_app_id": "1:410321284524:android:698300298ca77b2bf69e09",
        "android_client_info": {
          "package_name": "com.example.android1finalproject"
        }
      },
      "oauth_client": [
        {
          "client_id": "410321284524-ij4bsa66i2b8pbmn15lbc66m5sj2ssta.apps.googleusercontent.com",
          "client_type": 3
        }
      ],
      "api_key": [
        {
          "current_key": "AIzaSyAZfL5PhrCA4t_Zrb7Sjn2ZaxKyS_kydYg"
        }
      ],
      "services": {
        "appinvite_service": {
          "other_platform_oauth_client": [
            {
              "client_id": "410321284524-ij4bsa66i2b8pbmn15lbc66m5sj2ssta.apps.googleusercontent.com",
              "client_type": 3
            }
          ]
        }
      }
    }
  ],
  "configuration_version": "1"
}